id,title,url,publisher,review_status,quality_score,content_length,knowledge_cards,retrieved_at
6,Brightfield spot and bar light illumination,https://www.edmundoptics.com/knowledge-center/application-notes/illumination/brightfield-illumination-with-spot-and-bar-lights-for-machine-vision/,Edmund Optics,pending,100.0,251,1,2026-05-20T03:37:23Z
9,Brightfield ring light illumination,https://www.edmundoptics.com/knowledge-center/application-notes/illumination/brightfield-illumination-with-ring-lights-for-machine-vision/,Edmund Optics,pending,100.0,271,1,2026-05-20T03:37:23Z
10,In-line telecentric illumination,https://www.edmundoptics.com/knowledge-center/application-notes/illumination/in-line-telecentric-illumination-for-machine-vision/,Edmund Optics,pending,100.0,270,1,2026-05-20T03:37:23Z
7,Darkfield ring light illumination,https://www.edmundoptics.com/knowledge-center/application-notes/illumination/darkfield-illumination-with-ring-lights-for-machine-vision/,Edmund Optics,pending,94.2,256,1,2026-05-20T03:37:23Z
5,Backlight illumination for machine vision,https://www.edmundoptics.com/knowledge-center/application-notes/illumination/backlight-illumination-for-machine-vision/,Edmund Optics,pending,80.325,266,1,2026-05-20T03:37:23Z
8,Brightfield dome illumination,https://www.edmundoptics.com/knowledge-center/application-notes/illumination/brightfield-illumination-with-dome-lights-for-machine-vision/,Edmund Optics,pending,72.6375,211,1,2026-05-20T03:37:23Z
11,Common illumination types and polarizers,https://www.edmundoptics.com/knowledge-center/application-notes/illumination/choose-the-correct-illumination/,Edmund Optics,pending,71.17777777777778,212,1,2026-05-20T03:37:23Z
13,Advantages of telecentricity,https://www.edmundoptics.com/knowledge-center/application-notes/imaging/advantages-of-telecentricity/,Edmund Optics,pending,66.125,250,1,2026-05-20T03:37:23Z
12,Imaging system resolution basics,https://www.edmundoptics.com/knowledge-center/application-notes/imaging/resolution/,Edmund Optics,pending,66.1125,249,1,2026-05-20T03:37:23Z
