public_model,public_brand,light_type,internal_model,internal_supplier,internal_product_id
IOO-DF-0001,IOO,dark_field,F-DLC3-00-130-8-FWNA-24V,private_supplier,1
IOO-DF-0002,IOO,dark_field,F-HPD3-00-130-8-FWNA-24V,private_supplier,2
IOO-CL-0001,IOO,coaxial_light,F-IDQ-00-130-8-FWNA-24V,private_supplier,3
IOO-DF-0003,IOO,dark_field,F-IDS5-00-130-8-FWNA-24V,private_supplier,4
IOO-LT-0001,IOO,illumination,40A,private_supplier,5
IOO-LT-0002,IOO,illumination,MA-IDD-X-150D30-4-RGBW-12V-16CH,private_supplier,6
IOO-LT-0003,IOO,illumination,MA-IDD-X-225D40-8-RGBW-24V-16CH,private_supplier,7
IOO-LT-0004,IOO,illumination,MA-IDD-X-225D40-8-RGBW-24V-16CH,private_supplier,8
IOO-CL-0002,IOO,coaxial_light,MA-IDQ-X-150D30-4-RGBW-12V-16CH,private_supplier,9
IOO-CL-0003,IOO,coaxial_light,MA-IDQ-X-225D40-8-RGBW-24V-16CH,private_supplier,10
IOO-CL-0004,IOO,coaxial_light,MA-IDQ-X-225D40-8-RGBW-24V-16CH,private_supplier,11
IOO-DF-0004,IOO,dark_field,F-DLC3-00-130-1-FWNB-24V,private_supplier,12
IOO-DF-0005,IOO,dark_field,F-HPD3-00-130-1-FWNB-24V,private_supplier,13
IOO-CL-0005,IOO,coaxial_light,F-IDQ-00-130-1-FWNB-24V,private_supplier,14
IOO-DF-0006,IOO,dark_field,F-IDS5-00-130-1-FWNB-24V,private_supplier,15
IOO-BAR-0001,IOO,bar_light,DIRECT ILLUMINATION - HLBQ2 2 ROWS,private_supplier,35
IOO-BAR-0002,IOO,bar_light,DIRECT ILLUMINATION - HLBS2 2 ROWS,private_supplier,36
IOO-LT-0005,IOO,illumination,LBRX-12,private_supplier,37
IOO-LT-0006,IOO,illumination,PM2-025,private_supplier,38
IOO-LT-0007,IOO,illumination,PM2-040,private_supplier,39
IOO-LT-0008,IOO,illumination,CAS2,private_supplier,43
IOO-LT-0009,IOO,illumination,DLF3,private_supplier,44
IOO-LT-0010,IOO,illumination,DLR3,private_supplier,45
IOO-LT-0011,IOO,illumination,HPD2,private_supplier,46
IOO-LT-0012,IOO,illumination,IDS5,private_supplier,47
IOO-LS-0001,IOO,line_scan_light,LSW2,private_supplier,48
IOO-CL-0006,IOO,coaxial_light,MD-IDQ3,private_supplier,49
IOO-LT-0013,IOO,illumination,MD-IDT3,private_supplier,50
IOO-LT-0014,IOO,illumination,LBRQ-1,private_supplier,51
IOO-LT-0015,IOO,illumination,LBRX-1,private_supplier,52
IOO-LT-0016,IOO,illumination,DXX,private_supplier,53
IOO-LT-0017,IOO,illumination,IDDC,private_supplier,54
IOO-LT-0018,IOO,illumination,LLAC,private_supplier,55
IOO-CL-0007,IOO,coaxial_light,LSWC,private_supplier,56
IOO-DF-0007,IOO,dark_field,DLC2,private_supplier,57
IOO-LT-0019,IOO,illumination,HPD,private_supplier,58
IOO-LT-0020,IOO,illumination,MD-MLBQ,private_supplier,59
IOO-LT-0021,IOO,illumination,MLBQ,private_supplier,60
IOO-LT-0022,IOO,illumination,HPD,private_supplier,61
IOO-LT-0023,IOO,illumination,LLA,private_supplier,62
IOO-LS-0002,IOO,line_scan_light,LSW,private_supplier,63
IOO-CL-0008,IOO,coaxial_light,CAS2-00-010-X-X,private_supplier,64
IOO-CL-0009,IOO,coaxial_light,CAS2-00-020-X-X,private_supplier,65
IOO-CL-0010,IOO,coaxial_light,CAS2-00-025-X-X,private_supplier,66
IOO-CL-0011,IOO,coaxial_light,CAS2-00-040-X-X,private_supplier,67
IOO-CL-0012,IOO,coaxial_light,CAS2-00-070-X-X,private_supplier,68
IOO-CL-0013,IOO,coaxial_light,CAS2-00-080-X-X,private_supplier,69
IOO-CL-0014,IOO,coaxial_light,CAS2-00-100-X-X,private_supplier,70
IOO-CL-0015,IOO,coaxial_light,CAS20-00-20X40-X-X,private_supplier,71
IOO-CL-0016,IOO,coaxial_light,CAS25-00-25X50-X-X,private_supplier,72
IOO-CL-0017,IOO,coaxial_light,CAS30-00-30X60-X-X,private_supplier,73
IOO-CL-0018,IOO,coaxial_light,CAS2-00-025-X-RGB,private_supplier,74
IOO-CL-0019,IOO,coaxial_light,CAS2-00-040-X-RGB,private_supplier,75
IOO-CL-0020,IOO,coaxial_light,CAS2-00-070-X-RGB,private_supplier,76
IOO-CL-0021,IOO,coaxial_light,CAS2-00-100-X-RGB,private_supplier,77
IOO-CL-0022,IOO,coaxial_light,CAS2-00-040-X-RGBW,private_supplier,78
IOO-CL-0023,IOO,coaxial_light,CAS2-00-070-X-RGBW,private_supplier,79
IOO-LT-0024,IOO,illumination,CAS2-00-025-X-RGB,private_supplier,80
IOO-LT-0025,IOO,illumination,CAS2-00-040-X-RGB,private_supplier,81
IOO-LT-0026,IOO,illumination,CAS2-00-070-X-RGB,private_supplier,82
IOO-LT-0027,IOO,illumination,CAS2-00-100-X-RGB,private_supplier,83
IOO-CL-0024,IOO,coaxial_light,CASC-00-015-X-X,private_supplier,84
IOO-CL-0025,IOO,coaxial_light,CASC-00-025-X-X,private_supplier,85
IOO-CL-0026,IOO,coaxial_light,CASC-00-035-X-X,private_supplier,86
IOO-CL-0027,IOO,coaxial_light,HCAS2-00-035-X-X,private_supplier,87
IOO-CL-0028,IOO,coaxial_light,HCAS2-00-070-X-X,private_supplier,88
IOO-CL-0029,IOO,coaxial_light,CAS3-00-150-X-X Beam splitter assembly guideline,private_supplier,89
IOO-CL-0030,IOO,coaxial_light,CAS3-00-200-X-X Beam splitter assembly guideline Video beam splitter assembly,private_supplier,90
IOO-CL-0031,IOO,coaxial_light,CAS3-00-250-X-X Beam splitter assembly guideline Video beam splitter assembly,private_supplier,91
IOO-CL-0032,IOO,coaxial_light,CAS3-00-150-X-X,private_supplier,92
IOO-CL-0033,IOO,coaxial_light,CAS3-00-200-X-X,private_supplier,93
IOO-CL-0034,IOO,coaxial_light,CAS3-00-250-X-X,private_supplier,94
IOO-CL-0035,IOO,coaxial_light,CAS2-45-010-X-X,private_supplier,95
IOO-CL-0036,IOO,coaxial_light,CAS2-45-020-X-X,private_supplier,96
IOO-CL-0037,IOO,coaxial_light,CAS2-45-040-X-X,private_supplier,97
IOO-LT-0028,IOO,illumination,HPD-00-070-1-X-24V,private_supplier,99
IOO-LT-0029,IOO,illumination,UV385,private_supplier,100
IOO-LT-0030,IOO,illumination,UV395,private_supplier,101
IOO-LT-0031,IOO,illumination,UV405,private_supplier,102
IOO-LS-0003,IOO,line_scan_light,LSW-15-070-2-X,private_supplier,103
IOO-LS-0004,IOO,line_scan_light,LSW-15-090-3-X,private_supplier,104
IOO-LS-0005,IOO,line_scan_light,LSW-30-040-1-X,private_supplier,105
IOO-LS-0006,IOO,line_scan_light,LSW-15-070-1-X,private_supplier,106
IOO-LS-0007,IOO,line_scan_light,UV385,private_supplier,107
IOO-LS-0008,IOO,line_scan_light,UV395,private_supplier,108
IOO-LS-0009,IOO,line_scan_light,UV405,private_supplier,109
IOO-LT-0032,IOO,illumination,CAS2-00-025-X-X,private_supplier,110
IOO-LT-0033,IOO,illumination,CAS2-00-040-X-X,private_supplier,111
IOO-LT-0034,IOO,illumination,CAS2-00-025-X-UV365,private_supplier,112
IOO-LT-0035,IOO,illumination,CAS2-00-040-X-UV365,private_supplier,113
IOO-LT-0036,IOO,illumination,LLA-60-090-2-X,private_supplier,114
IOO-LT-0037,IOO,illumination,LLA-60-150-2-X,private_supplier,115
IOO-LT-0038,IOO,illumination,LLA-75-170-2-X,private_supplier,116
IOO-LT-0039,IOO,illumination,LLA-60-070-1-X,private_supplier,117
IOO-LT-0040,IOO,illumination,UV385,private_supplier,118
IOO-LT-0041,IOO,illumination,UV395,private_supplier,119
IOO-LT-0042,IOO,illumination,UV405,private_supplier,120
IOO-LT-0043,IOO,illumination,LBRX-00-080-1-X,private_supplier,121
IOO-LT-0044,IOO,illumination,UV385,private_supplier,122
IOO-LT-0045,IOO,illumination,UV395,private_supplier,123
IOO-LT-0046,IOO,illumination,UV405,private_supplier,124
IOO-LT-0047,IOO,illumination,LBRX-00-160-1-X,private_supplier,125
IOO-LT-0048,IOO,illumination,LBRX-00-240-1-X,private_supplier,126
IOO-LT-0049,IOO,illumination,LBRQ-00-080-1-X,private_supplier,127
IOO-LT-0050,IOO,illumination,UV385,private_supplier,128
IOO-LT-0051,IOO,illumination,UV395,private_supplier,129
IOO-LT-0052,IOO,illumination,UV405,private_supplier,130
IOO-LT-0053,IOO,illumination,LBRX-00-040-3-X,private_supplier,131
IOO-LT-0054,IOO,illumination,LBRX-00-080-3-X,private_supplier,132
IOO-LT-0055,IOO,illumination,LBRX-00-120-3-X,private_supplier,133
IOO-LT-0056,IOO,illumination,LBRX-00-160-3-X,private_supplier,134
IOO-LT-0057,IOO,illumination,LBRX-00-200-3-X,private_supplier,135
IOO-LT-0058,IOO,illumination,LBRX-00-040-6-X,private_supplier,136
IOO-LT-0059,IOO,illumination,LBRX-00-080-6-X,private_supplier,137
IOO-LT-0060,IOO,illumination,LBRX-00-120-6-X,private_supplier,138
IOO-LT-0061,IOO,illumination,LBRX-00-160-6-X,private_supplier,139
IOO-LT-0062,IOO,illumination,LBRX-00-200-6-X,private_supplier,140
IOO-LT-0063,IOO,illumination,LBRX-00-040-3-IR850,private_supplier,141
IOO-LT-0064,IOO,illumination,LBRX-00-080-3-IR850,private_supplier,142
IOO-LT-0065,IOO,illumination,LBRX-00-120-3-IR850,private_supplier,143
IOO-LT-0066,IOO,illumination,LBRX-00-160-3-IR850,private_supplier,144
IOO-LT-0067,IOO,illumination,LBRX-00-200-3-IR850,private_supplier,145
IOO-LT-0068,IOO,illumination,LBRX-00-040-6-IR850,private_supplier,146
IOO-LT-0069,IOO,illumination,LBRX-00-080-6-IR850,private_supplier,147
IOO-LT-0070,IOO,illumination,LBRX-00-120-6-IR850,private_supplier,148
IOO-LT-0071,IOO,illumination,LBRX-00-160-6-IR850,private_supplier,149
IOO-LT-0072,IOO,illumination,LBRX-00-200-6-IR850,private_supplier,150
IOO-LT-0073,IOO,illumination,BHS4-00-025-X-X,private_supplier,151
IOO-LT-0074,IOO,illumination,BHS4-00-050-X-X,private_supplier,152
IOO-LT-0075,IOO,illumination,BHS4-00-075-X-X,private_supplier,153
IOO-LT-0076,IOO,illumination,BHS4-00-100-X-X,private_supplier,154
IOO-LT-0077,IOO,illumination,BHS4-00-030-X-X,private_supplier,155
IOO-LT-0078,IOO,illumination,BHS4-00-060-X-X,private_supplier,156
IOO-LT-0079,IOO,illumination,BHS4-00-090-X-X,private_supplier,157
IOO-LT-0080,IOO,illumination,BHS4-00-120-X-X,private_supplier,158
IOO-LT-0081,IOO,illumination,BHS4-00-025-X-IR850,private_supplier,159
IOO-LT-0082,IOO,illumination,BHS4-00-050-X-IR850,private_supplier,160
IOO-LT-0083,IOO,illumination,BHS4-00-075-X-IR850,private_supplier,161
IOO-LT-0084,IOO,illumination,BHS4-00-100-X-IR850,private_supplier,162
IOO-LT-0085,IOO,illumination,BHS4-00-030-X-IR850,private_supplier,163
IOO-LT-0086,IOO,illumination,BHS4-00-060-X-IR850,private_supplier,164
IOO-LT-0087,IOO,illumination,BHS4-00-090-X-IR850,private_supplier,165
IOO-LT-0088,IOO,illumination,BHS4-00-120-X-IR850,private_supplier,166
IOO-LT-0089,IOO,illumination,CAS2-00-025-X-X,private_supplier,167
IOO-LT-0090,IOO,illumination,CAS2-00-040-X-X,private_supplier,168
IOO-LT-0091,IOO,illumination,LBRQ-00-040-3-X,private_supplier,169
IOO-LT-0092,IOO,illumination,LBRQ-00-080-3-X,private_supplier,170
IOO-LT-0093,IOO,illumination,LBRQ-00-120-3-X,private_supplier,171
IOO-LT-0094,IOO,illumination,LBRQ-00-160-3-X,private_supplier,172
IOO-LT-0095,IOO,illumination,LBRQ-00-200-3-X,private_supplier,173
IOO-LT-0096,IOO,illumination,LBRQ-00-040-6-X,private_supplier,174
IOO-LT-0097,IOO,illumination,LBRQ-00-080-6-X,private_supplier,175
IOO-LT-0098,IOO,illumination,LBRQ-00-120-6-X,private_supplier,176
IOO-LT-0099,IOO,illumination,LBRQ-00-160-6-X,private_supplier,177
IOO-LT-0100,IOO,illumination,LBRQ-00-200-6-X,private_supplier,178
IOO-LT-0101,IOO,illumination,LBRQ-00-040-3-IR850,private_supplier,179
IOO-LT-0102,IOO,illumination,LBRQ-00-080-3-IR850,private_supplier,180
IOO-LT-0103,IOO,illumination,LBRQ-00-120-3-IR850,private_supplier,181
IOO-LT-0104,IOO,illumination,LBRQ-00-160-3-IR850,private_supplier,182
IOO-LT-0105,IOO,illumination,LBRQ-00-200-3-IR850,private_supplier,183
IOO-LT-0106,IOO,illumination,LBRQ-00-040-6-IR850,private_supplier,184
IOO-LT-0107,IOO,illumination,LBRQ-00-080-6-IR850,private_supplier,185
IOO-LT-0108,IOO,illumination,LBRQ-00-120-6-IR850,private_supplier,186
IOO-LT-0109,IOO,illumination,LBRQ-00-160-6-IR850,private_supplier,187
IOO-LT-0110,IOO,illumination,LBRQ-00-200-6-IR850,private_supplier,188
IOO-LS-0010,IOO,line_scan_light,LSW-15-070-3-X,private_supplier,189
IOO-LS-0011,IOO,line_scan_light,LSW-15-070-3-IR850,private_supplier,190
IOO-LS-0012,IOO,line_scan_light,LSW-15-070-3-IR940,private_supplier,191
IOO-LT-0111,IOO,illumination,LLA-60-090-2-X,private_supplier,192
IOO-LT-0112,IOO,illumination,LLA-60-090-2-IR850,private_supplier,193
IOO-LT-0113,IOO,illumination,LLA-60-090-2-IR940,private_supplier,194
IOO-BL-0001,IOO,backlight,BHLX3-00-160X160-X-X,private_supplier,195
IOO-BL-0002,IOO,backlight,BHLX3-00-160X240-X-X,private_supplier,196
IOO-BL-0003,IOO,backlight,BHLX3-00-160X320-X-X,private_supplier,197
IOO-BL-0004,IOO,backlight,BHLX3-00-160X400-X-X,private_supplier,198
IOO-BL-0005,IOO,backlight,BHLX3-00-240X240-X-X,private_supplier,199
IOO-BL-0006,IOO,backlight,BHLX3-00-240X320-X-X,private_supplier,200
IOO-BL-0007,IOO,backlight,BHLX3-00-240X400-X-X,private_supplier,201
IOO-BL-0008,IOO,backlight,BHLX3-00-320X320-X-X,private_supplier,202
IOO-BL-0009,IOO,backlight,BHLX3-00-320X400-X-X,private_supplier,203
IOO-BL-0010,IOO,backlight,BHLX3-00-400X400-X-X,private_supplier,204
IOO-BL-0011,IOO,backlight,BHLX3-00-160X160-X-IR850,private_supplier,205
IOO-BL-0012,IOO,backlight,BHLX3-00-160X240-X-IR850,private_supplier,206
IOO-BL-0013,IOO,backlight,BHLX3-00-160X320-X-IR850,private_supplier,207
IOO-BL-0014,IOO,backlight,BHLX3-00-160X400-X-IR850,private_supplier,208
IOO-BL-0015,IOO,backlight,BHLX3-00-240X240-X-IR850,private_supplier,209
IOO-BL-0016,IOO,backlight,BHLX3-00-240X320-X-IR850,private_supplier,210
IOO-BL-0017,IOO,backlight,BHLX3-00-240X400-X-IR850,private_supplier,211
IOO-BL-0018,IOO,backlight,BHLX3-00-320X320-X-IR850,private_supplier,212
IOO-BL-0019,IOO,backlight,BHLX3-00-320X400-X-IR850,private_supplier,213
IOO-BL-0020,IOO,backlight,BHLX3-00-400X400-X-IR850,private_supplier,214
IOO-LT-0114,IOO,illumination,IDS5-00-050-1-X,private_supplier,215
IOO-LT-0115,IOO,illumination,IDS5-00-070-1-X,private_supplier,216
IOO-LT-0116,IOO,illumination,IDS5-00-100-1-X,private_supplier,217
IOO-LT-0117,IOO,illumination,IDS5-00-150-1-X,private_supplier,218
IOO-LT-0118,IOO,illumination,IDS5-00-200-1-X,private_supplier,219
IOO-LT-0119,IOO,illumination,IDS5-00-250-1-X,private_supplier,220
IOO-LT-0120,IOO,illumination,IDS5-00-150-1-RGBW,private_supplier,221
IOO-LT-0121,IOO,illumination,IDS5-00-200-1-RGBW,private_supplier,222
IOO-LT-0122,IOO,illumination,IDS5-00-250-1-RGBW,private_supplier,223
IOO-LT-0123,IOO,illumination,DLR3-45-100-1-RGBW-24V,private_supplier,224
IOO-LT-0124,IOO,illumination,DLR3-60-100-1-RGBW-24V,private_supplier,225
IOO-LT-0125,IOO,illumination,CAS2-00-040-X-RGBW-24V,private_supplier,226
IOO-LT-0126,IOO,illumination,CAS2-00-070-X-RGBW,private_supplier,227
IOO-DF-0008,IOO,dark_field,DLC2-00-070-1-RGBW,private_supplier,228
IOO-DF-0009,IOO,dark_field,DLC2-00-100-1-RGBW,private_supplier,229
IOO-DF-0010,IOO,dark_field,DLC2-00-120-1-RGBW,private_supplier,230
IOO-LT-0127,IOO,illumination,HPD2-00-050-1-RGBW,private_supplier,231
IOO-LT-0128,IOO,illumination,HPD2-00-080-1-RGBW,private_supplier,232
IOO-LT-0129,IOO,illumination,HPD2-00-100-1-RGBW,private_supplier,233
IOO-LT-0130,IOO,illumination,HPD2-00-130-1-RGBW,private_supplier,234
IOO-LT-0131,IOO,illumination,HPD-00-070-1-RGBW,private_supplier,235
IOO-LT-0132,IOO,illumination,HPD-00-240-1-RGBW,private_supplier,236
IOO-LT-0133,IOO,illumination,MD-IDT3-00-360-1-RGBW,private_supplier,237
IOO-CL-0038,IOO,coaxial_light,MD-IDQ3-360-1-RGBW,private_supplier,238
IOO-LS-0013,IOO,line_scan_light,LSW2-00-100-2-RGBW-24V,private_supplier,239
IOO-LT-0134,IOO,illumination,MD-MLBQ-00-360-2-RGBW,private_supplier,240
IOO-LT-0135,IOO,illumination,MLBQ-00-090-2-RGBW,private_supplier,241
IOO-BL-0021,IOO,backlight,BHLQ-00-240X240-X-X,private_supplier,242
IOO-BL-0022,IOO,backlight,BHLQ-00-400X400-X-X,private_supplier,243
IOO-RL-0001,IOO,ring_light,HPF-00-190-1-IR850,private_supplier,244
IOO-RL-0002,IOO,ring_light,HPF-00-190-1-UV365,private_supplier,245
IOO-RL-0003,IOO,ring_light,HPD2-00-050-1-X,private_supplier,246
IOO-RL-0004,IOO,ring_light,HPD2-00-080-1-X,private_supplier,247
IOO-RL-0005,IOO,ring_light,HPD2-00-100-1-X,private_supplier,248
IOO-RL-0006,IOO,ring_light,HPD2-00-130-1-X,private_supplier,249
IOO-RL-0007,IOO,ring_light,HPD2-00-050-1-RGBW,private_supplier,250
IOO-RL-0008,IOO,ring_light,HPD2-00-080-1-RGBW,private_supplier,251
IOO-RL-0009,IOO,ring_light,HPD2-00-100-1-RGBW,private_supplier,252
IOO-RL-0010,IOO,ring_light,HPD2-00-130-1-RGBW,private_supplier,253
IOO-RL-0011,IOO,ring_light,HPD-00-170-1-X,private_supplier,254
IOO-RL-0012,IOO,ring_light,HPD-00-240-1-X,private_supplier,255
IOO-RL-0013,IOO,ring_light,HPD-00-240-3-RGB,private_supplier,256
IOO-RL-0014,IOO,ring_light,HPD-00-070-1-RGBW,private_supplier,257
IOO-RL-0015,IOO,ring_light,HPD-00-240-1-RGBW,private_supplier,258
IOO-RL-0016,IOO,ring_light,HPD-75-170-1-IR850,private_supplier,259
IOO-RL-0017,IOO,ring_light,HPD-75-170-1-UV365,private_supplier,260
IOO-RL-0018,IOO,ring_light,HPD-00-240-1-UV365,private_supplier,261
IOO-LT-0136,IOO,illumination,HPD-00-240-3-RGB,private_supplier,262
IOO-CL-0039,IOO,coaxial_light,IDQ3-00-120-X-RGB,private_supplier,263
IOO-CL-0040,IOO,coaxial_light,IDQ3-00-190-X-RGB,private_supplier,264
IOO-CL-0041,IOO,coaxial_light,IDQ3-00-300-X-RGB,private_supplier,265
IOO-CL-0042,IOO,coaxial_light,IDQ3-00-120-1-RGB,private_supplier,266
IOO-CL-0043,IOO,coaxial_light,IDQ3-00-190-1-RGB,private_supplier,267
IOO-CL-0044,IOO,coaxial_light,IDQ3-00-300-1-RGB,private_supplier,268
IOO-CL-0045,IOO,coaxial_light,IDQ3-00-120-X-X,private_supplier,269
IOO-CL-0046,IOO,coaxial_light,IDQ3-00-190-X-X,private_supplier,270
IOO-CL-0047,IOO,coaxial_light,IDQ3-00-300-X-X,private_supplier,271
IOO-CL-0048,IOO,coaxial_light,IDQ3-00-120-X-RGB,private_supplier,272
IOO-CL-0049,IOO,coaxial_light,IDQ3-00-190-X-RGB,private_supplier,273
IOO-CL-0050,IOO,coaxial_light,IDQ3-00-300-X-RGB,private_supplier,274
IOO-CL-0051,IOO,coaxial_light,IDQ3-00-120-1-X,private_supplier,275
IOO-CL-0052,IOO,coaxial_light,IDQ3-00-190-1-X,private_supplier,276
IOO-CL-0053,IOO,coaxial_light,IDQ3-00-300-1-X,private_supplier,277
IOO-CL-0054,IOO,coaxial_light,IDQ3-00-120-1-RGB,private_supplier,278
IOO-CL-0055,IOO,coaxial_light,IDQ3-00-190-1-RGB,private_supplier,279
IOO-CL-0056,IOO,coaxial_light,IDQ3-00-300-1-RGB,private_supplier,280
IOO-LT-0137,IOO,illumination,IDT3-00-120-1-X,private_supplier,281
IOO-LT-0138,IOO,illumination,IDT3-00-150-1-X,private_supplier,282
IOO-LT-0139,IOO,illumination,IDT3-00-200-1-X,private_supplier,283
IOO-LT-0140,IOO,illumination,IDT3-00-120-1-RGB,private_supplier,284
IOO-LT-0141,IOO,illumination,IDT3-00-150-1-RGB,private_supplier,285
IOO-LT-0142,IOO,illumination,IDT3-00-200-1-RGB,private_supplier,286
IOO-LT-0143,IOO,illumination,IDT3-00-120-1-RGB,private_supplier,287
IOO-LT-0144,IOO,illumination,IDT3-00-150-1-RGB,private_supplier,288
IOO-LT-0145,IOO,illumination,IDT3-00-200-1-RGB,private_supplier,289
IOO-DM-0001,IOO,dome_light,IDS5-00-050-1-X,private_supplier,290
IOO-DM-0002,IOO,dome_light,IDS5-00-070-1-X,private_supplier,291
IOO-DM-0003,IOO,dome_light,IDS5-00-100-1-X,private_supplier,292
IOO-DM-0004,IOO,dome_light,IDS5-00-150-1-X,private_supplier,293
IOO-DM-0005,IOO,dome_light,IDS5-00-200-1-X,private_supplier,294
IOO-DM-0006,IOO,dome_light,IDS5-00-250-1-X,private_supplier,295
IOO-DM-0007,IOO,dome_light,IDS4-00-360-1-X,private_supplier,296
IOO-DM-0008,IOO,dome_light,IDS4-00-150-1-RGB,private_supplier,297
IOO-DM-0009,IOO,dome_light,IDS4-00-200-1-RGB,private_supplier,298
IOO-DM-0010,IOO,dome_light,IDS5-00-150-1-RGBW,private_supplier,299
IOO-DM-0011,IOO,dome_light,IDS5-00-200-1-RGBW,private_supplier,300
IOO-DM-0012,IOO,dome_light,IDS5-00-250-1-RGBW,private_supplier,301
IOO-LT-0146,IOO,illumination,IDS4-00-150-1-RGB,private_supplier,302
IOO-LT-0147,IOO,illumination,IDS4-00-200-1-RGB,private_supplier,303
IOO-DF-0011,IOO,dark_field,LLA-90-050-1-X,private_supplier,304
IOO-DF-0012,IOO,dark_field,LLA-90-080-1-X,private_supplier,305
IOO-DF-0013,IOO,dark_field,LLA-90-100-1-X,private_supplier,306
IOO-DF-0014,IOO,dark_field,LLA-90-118-1-X,private_supplier,307
IOO-DF-0015,IOO,dark_field,LLA-90-120-1-X,private_supplier,308
IOO-DF-0016,IOO,dark_field,LLA-90-150-1-X,private_supplier,309
IOO-DF-0017,IOO,dark_field,LLA-90-180-1-X,private_supplier,310
IOO-DF-0018,IOO,dark_field,LLA-90-210-1-X,private_supplier,311
IOO-DF-0019,IOO,dark_field,LLA-90-230-1-X,private_supplier,312
IOO-BAR-0003,IOO,bar_light,LBRX-00-040-6-X,private_supplier,313
IOO-BAR-0004,IOO,bar_light,LBRX-00-080-6-X,private_supplier,314
IOO-BAR-0005,IOO,bar_light,LBRX-00-120-6-X,private_supplier,315
IOO-BAR-0006,IOO,bar_light,LBRX-00-160-6-X,private_supplier,316
IOO-BAR-0007,IOO,bar_light,LBRX-00-200-6-X,private_supplier,317
IOO-LT-0148,IOO,illumination,LBRQ-00-040-3-X,private_supplier,318
IOO-LT-0149,IOO,illumination,LBRQ-00-080-3-X,private_supplier,319
IOO-LT-0150,IOO,illumination,LBRQ-00-120-3-X,private_supplier,320
IOO-LT-0151,IOO,illumination,LBRQ-00-160-3-X,private_supplier,321
IOO-LT-0152,IOO,illumination,LBRQ-00-200-3-X,private_supplier,322
IOO-BAR-0008,IOO,bar_light,LBRX-00-040-3-X,private_supplier,323
IOO-BAR-0009,IOO,bar_light,LBRX-00-080-3-X,private_supplier,324
IOO-BAR-0010,IOO,bar_light,LBRX-00-120-3-X,private_supplier,325
IOO-BAR-0011,IOO,bar_light,LBRX-00-160-3-X,private_supplier,326
IOO-BAR-0012,IOO,bar_light,LBRX-00-200-3-X,private_supplier,327
IOO-DF-0020,IOO,dark_field,LLA-75-120-3-X,private_supplier,328
IOO-DF-0021,IOO,dark_field,LLA-75-130-3-X,private_supplier,329
IOO-DF-0022,IOO,dark_field,LLA-75-170-3-X,private_supplier,330
IOO-DF-0023,IOO,dark_field,LLA-75-180-3-X,private_supplier,331
IOO-DF-0024,IOO,dark_field,LLA-75-230-3-X,private_supplier,332
IOO-DF-0025,IOO,dark_field,LLA-60-060-2-X,private_supplier,333
IOO-DF-0026,IOO,dark_field,LLA-60-070-1-X,private_supplier,334
IOO-DF-0027,IOO,dark_field,LLA-60-070-2-X,private_supplier,335
IOO-DF-0028,IOO,dark_field,LLA-60-090-2-X,private_supplier,336
IOO-DF-0029,IOO,dark_field,LLA-60-100-2-X,private_supplier,337
IOO-DF-0030,IOO,dark_field,LLA-60-150-3-X,private_supplier,338
IOO-DF-0031,IOO,dark_field,LLA-60-200-2-X,private_supplier,339
IOO-DF-0032,IOO,dark_field,LLA-60-235-2-X,private_supplier,340
IOO-DF-0033,IOO,dark_field,LLA-60-263-2-X,private_supplier,341
IOO-DF-0034,IOO,dark_field,LLA-60-430-3-X,private_supplier,342
IOO-DF-0035,IOO,dark_field,IR850,private_supplier,343
IOO-LT-0153,IOO,illumination,IDD-00-045-4-X,private_supplier,344
IOO-LT-0154,IOO,illumination,IDD-00-075-7-X,private_supplier,345
IOO-LS-0014,IOO,line_scan_light,LSW-00-040-2-X,private_supplier,346
IOO-LS-0015,IOO,line_scan_light,LSW-00-050-1-X,private_supplier,347
IOO-LS-0016,IOO,line_scan_light,LSW-00-050-2-X,private_supplier,348
IOO-LS-0017,IOO,line_scan_light,LSW-00-070-3-X,private_supplier,349
IOO-LS-0018,IOO,line_scan_light,LSW-00-090-4-X,private_supplier,350
IOO-LS-0019,IOO,line_scan_light,LSW-00-157-7-X-24V,private_supplier,351
IOO-LS-0020,IOO,line_scan_light,LSW-15-038-2-X,private_supplier,352
IOO-LS-0021,IOO,line_scan_light,LSW-15-050-2-X,private_supplier,353
IOO-LS-0022,IOO,line_scan_light,LSW-15-070-2-X,private_supplier,354
IOO-LS-0023,IOO,line_scan_light,LSW-15-070-3-X,private_supplier,355
IOO-LS-0024,IOO,line_scan_light,LSW-15-090-4-X,private_supplier,356
IOO-LS-0025,IOO,line_scan_light,LSW-15-100-5-X,private_supplier,357
IOO-LS-0026,IOO,line_scan_light,LSW-30-040-2-X,private_supplier,358
IOO-LS-0027,IOO,line_scan_light,LSW-30-050-2-X,private_supplier,359
IOO-LS-0028,IOO,line_scan_light,LSW-30-070-3-X,private_supplier,360
IOO-LS-0029,IOO,line_scan_light,LSW-30-090-4-X,private_supplier,361
IOO-LS-0030,IOO,line_scan_light,LSW-30-130-5-X,private_supplier,362
IOO-LS-0031,IOO,line_scan_light,LSW-45-050-2-X,private_supplier,363
IOO-LS-0032,IOO,line_scan_light,LSW-45-070-3-X,private_supplier,364
IOO-LS-0033,IOO,line_scan_light,LSW-45-090-4-X,private_supplier,365
IOO-LS-0034,IOO,line_scan_light,LSW-45-100-5-X,private_supplier,366
IOO-LS-0035,IOO,line_scan_light,LSW-45-120-3-X-24V,private_supplier,367
IOO-LS-0036,IOO,line_scan_light,LSW-45-170-5-X-24V,private_supplier,368
IOO-LS-0037,IOO,line_scan_light,LSW-00-157-7-X,private_supplier,369
IOO-LS-0038,IOO,line_scan_light,LSW-45-120-3-X,private_supplier,370
IOO-LS-0039,IOO,line_scan_light,LSW-45-170-5-X,private_supplier,371
IOO-LS-0040,IOO,line_scan_light,LSQF-00-033-1-X,private_supplier,372
IOO-LS-0041,IOO,line_scan_light,LSQF-00-045-1-X,private_supplier,373
IOO-LS-0042,IOO,line_scan_light,LSQF-00-051-1-X,private_supplier,374
IOO-LS-0043,IOO,line_scan_light,LSQF-15-033-1-X,private_supplier,375
IOO-LS-0044,IOO,line_scan_light,LSQF-15-045-1-X,private_supplier,376
IOO-LS-0045,IOO,line_scan_light,LSQF-15-051-1-X,private_supplier,377
IOO-LS-0046,IOO,line_scan_light,LSQF-30-033-1-X,private_supplier,378
IOO-LS-0047,IOO,line_scan_light,LSQF-30-045-1-X,private_supplier,379
IOO-LS-0048,IOO,line_scan_light,LSQF-30-051-1-X,private_supplier,380
IOO-LS-0049,IOO,line_scan_light,LSQF-45-033-1-X,private_supplier,381
IOO-LS-0050,IOO,line_scan_light,LSQF-45-045-1-X,private_supplier,382
IOO-LS-0051,IOO,line_scan_light,LSQF-45-051-1-X,private_supplier,383
IOO-LS-0052,IOO,line_scan_light,LSQ-00-033-1-X,private_supplier,384
IOO-LS-0053,IOO,line_scan_light,LSQ-00-045-1-X,private_supplier,385
IOO-LS-0054,IOO,line_scan_light,LSQ-00-051-1-X,private_supplier,386
IOO-LS-0055,IOO,line_scan_light,LSQ-15-033-1-X,private_supplier,387
IOO-LS-0056,IOO,line_scan_light,LSQ-15-045-1-X,private_supplier,388
IOO-LS-0057,IOO,line_scan_light,LSQ-15-051-1-X,private_supplier,389
IOO-LS-0058,IOO,line_scan_light,LSQ-30-033-1-X,private_supplier,390
IOO-LS-0059,IOO,line_scan_light,LSQ-30-045-1-X,private_supplier,391
IOO-LS-0060,IOO,line_scan_light,LSQ-30-051-1-X,private_supplier,392
IOO-LS-0061,IOO,line_scan_light,LSQ-45-033-1-X,private_supplier,393
IOO-LS-0062,IOO,line_scan_light,LSQ-45-045-1-X,private_supplier,394
IOO-LS-0063,IOO,line_scan_light,LSQ-45-051-1-X,private_supplier,395
IOO-LS-0064,IOO,line_scan_light,R,private_supplier,396
IOO-LS-0065,IOO,line_scan_light,LSQ-45-030-1-X,private_supplier,397
IOO-LS-0066,IOO,line_scan_light,LSQ-45-040-1-X,private_supplier,398
IOO-LS-0067,IOO,line_scan_light,LSQ-45-050-1-X,private_supplier,399
IOO-LS-0068,IOO,line_scan_light,LSQ-00-050-2-X,private_supplier,400
IOO-LS-0069,IOO,line_scan_light,LSQ-00-060-3-X,private_supplier,401
IOO-BAR-0013,IOO,bar_light,HLBQ3-00-065-1-X,private_supplier,402
IOO-BAR-0014,IOO,bar_light,HLBQ3-00-130-1-X,private_supplier,403
IOO-BAR-0015,IOO,bar_light,MLBX2-00-060-2-X,private_supplier,404
IOO-BAR-0016,IOO,bar_light,MLBX2-00-090-2-X,private_supplier,405
IOO-BAR-0017,IOO,bar_light,MLBX2-00-120-2-X,private_supplier,406
IOO-BAR-0018,IOO,bar_light,MLBX2-00-150-2-X,private_supplier,407
IOO-BAR-0019,IOO,bar_light,MLBX2-00-060-2-RGB,private_supplier,408
IOO-BAR-0020,IOO,bar_light,MLBX2-00-090-2-RGB,private_supplier,409
IOO-BAR-0021,IOO,bar_light,MLBX2-00-120-2-RGB,private_supplier,410
IOO-BAR-0022,IOO,bar_light,MLBX2-00-150-2-RGB,private_supplier,411
IOO-RL-0019,IOO,ring_light,HLBRX-00-040-3-X,private_supplier,412
IOO-RL-0020,IOO,ring_light,HLBRX-00-080-3-X,private_supplier,413
IOO-LT-0155,IOO,illumination,MLBQ-00-090-2-RGBW,private_supplier,414
IOO-LT-0156,IOO,illumination,LBQ25-00-050-3-X,private_supplier,415
IOO-LT-0157,IOO,illumination,LBQ30-00-060-3-X,private_supplier,416
IOO-LT-0158,IOO,illumination,LBQ40-00-080-3-X,private_supplier,417
IOO-LT-0159,IOO,illumination,LBQ45-00-090-3-X,private_supplier,418
IOO-BAR-0023,IOO,bar_light,LBS25-00-050-3-X,private_supplier,419
IOO-BAR-0024,IOO,bar_light,LBS30-00-060-3-X,private_supplier,420
IOO-BAR-0025,IOO,bar_light,LBS40-00-080-3-X,private_supplier,421
IOO-BAR-0026,IOO,bar_light,LBS45-00-135-3-X,private_supplier,422
IOO-LS-0070,IOO,line_scan_light,LBMQ-00-040-1-X,private_supplier,423
IOO-LS-0071,IOO,line_scan_light,LBMQ-00-040-2-X,private_supplier,424
IOO-LS-0072,IOO,line_scan_light,LBMQ-00-040-3-X,private_supplier,425
IOO-LT-0160,IOO,illumination,LBMQ-00-040-1-X-24V,private_supplier,426
IOO-LT-0161,IOO,illumination,LBMQ-00-040-2-X-24V,private_supplier,427
IOO-LT-0162,IOO,illumination,LBMQ-00-040-3-X-24V,private_supplier,428
IOO-BAR-0027,IOO,bar_light,LBM-00-040-1-X,private_supplier,429
IOO-BAR-0028,IOO,bar_light,LBM-00-080-1-X,private_supplier,430
IOO-BAR-0029,IOO,bar_light,LBM-00-040-2-X,private_supplier,431
IOO-BAR-0030,IOO,bar_light,LBM-00-080-2-X,private_supplier,432
IOO-BAR-0031,IOO,bar_light,LBM-00-040-3-X,private_supplier,433
IOO-BAR-0032,IOO,bar_light,LBM-00-080-3-X,private_supplier,434
IOO-BAR-0033,IOO,bar_light,LBM-00-040-1-X-24V,private_supplier,435
IOO-BAR-0034,IOO,bar_light,LBM-00-080-1-X-24V,private_supplier,436
IOO-BAR-0035,IOO,bar_light,LBM-00-040-2-X-24V,private_supplier,437
IOO-BAR-0036,IOO,bar_light,LBM-00-080-2-X-24V,private_supplier,438
IOO-BAR-0037,IOO,bar_light,LBM-00-040-3-X-24V,private_supplier,439
IOO-BAR-0038,IOO,bar_light,LBM-00-080-3-X-24V,private_supplier,440
IOO-LT-0163,IOO,illumination,LBRQ-00-040-6-X,private_supplier,441
IOO-LT-0164,IOO,illumination,LBRQ-00-080-6-X,private_supplier,442
IOO-LT-0165,IOO,illumination,LBRQ-00-120-6-X,private_supplier,443
IOO-LT-0166,IOO,illumination,LBRQ-00-160-6-X,private_supplier,444
IOO-LT-0167,IOO,illumination,LBRQ-00-200-6-X,private_supplier,445
IOO-BAR-0039,IOO,bar_light,R,private_supplier,446
IOO-BAR-0040,IOO,bar_light,HLBQ2-00-065-1-X,private_supplier,447
IOO-BAR-0041,IOO,bar_light,HLBQ2-00-130-1-X,private_supplier,448
IOO-LT-0168,IOO,illumination,HDLBQ-00-065-1-X,private_supplier,449
IOO-LT-0169,IOO,illumination,HDLBQ-00-130-1-X,private_supplier,450
IOO-LT-0170,IOO,illumination,HDLB-00-065-1-X,private_supplier,451
IOO-LT-0171,IOO,illumination,HDLB-00-130-1-X,private_supplier,452
IOO-LT-0172,IOO,illumination,LBRX-00-080-12-X,private_supplier,453
IOO-LT-0173,IOO,illumination,LBRX-00-160-12-X,private_supplier,454
IOO-BAR-0042,IOO,bar_light,HLBS3-00-065-2-X,private_supplier,455
IOO-BAR-0043,IOO,bar_light,HLBS3-00-130-2-X,private_supplier,456
IOO-BAR-0044,IOO,bar_light,HLBS2-00-065-2-X,private_supplier,457
IOO-BAR-0045,IOO,bar_light,HLBS2-00-130-2-X,private_supplier,458
IOO-BAR-0046,IOO,bar_light,HLBS3-00-065-1-X,private_supplier,459
IOO-BAR-0047,IOO,bar_light,HLBS3-00-130-1-X,private_supplier,460
IOO-BAR-0048,IOO,bar_light,HLBS2-00-065-1-X,private_supplier,461
IOO-BAR-0049,IOO,bar_light,HLBS2-00-130-1-X,private_supplier,462
IOO-LT-0174,IOO,illumination,LBRX2-00-080-6-X,private_supplier,463
IOO-LT-0175,IOO,illumination,CAS2-00-020-X-X,private_supplier,464
IOO-LT-0176,IOO,illumination,CAS2-00-040-X-X,private_supplier,465
IOO-LS-0073,IOO,line_scan_light,LSW-00-050-2-X,private_supplier,466
IOO-LS-0074,IOO,line_scan_light,LSW-15-050-2-X,private_supplier,467
IOO-LS-0075,IOO,line_scan_light,LSW-15-070-3-X,private_supplier,468
IOO-LS-0076,IOO,line_scan_light,LSW-15-090-4-X,private_supplier,469
IOO-LS-0077,IOO,line_scan_light,LSW-30-050-2-X,private_supplier,470
IOO-LS-0078,IOO,line_scan_light,LSW-30-070-3-X,private_supplier,471
IOO-LS-0079,IOO,line_scan_light,LSW-30-090-4-X,private_supplier,472
IOO-LS-0080,IOO,line_scan_light,LSW-45-050-2-X,private_supplier,473
IOO-LS-0081,IOO,line_scan_light,LSW-45-070-3-X,private_supplier,474
IOO-LS-0082,IOO,line_scan_light,LSNY-00-075-1-X,private_supplier,475
IOO-LS-0083,IOO,line_scan_light,LSNY-00-150-1-X,private_supplier,476
IOO-LS-0084,IOO,line_scan_light,LSNY-00-225-1-X,private_supplier,477
IOO-LS-0085,IOO,line_scan_light,LSNY-00-300-1-X,private_supplier,478
IOO-LS-0086,IOO,line_scan_light,LSN6-00-075-1-X,private_supplier,479
IOO-LS-0087,IOO,line_scan_light,LSN6-00-150-1-X,private_supplier,480
IOO-LS-0088,IOO,line_scan_light,LSN6-00-225-1-X,private_supplier,481
IOO-LS-0089,IOO,line_scan_light,LSN6-00-300-1-X,private_supplier,482
IOO-LT-0177,IOO,illumination,LBRP-00-040-3-X,private_supplier,483
IOO-LT-0178,IOO,illumination,LBRP-00-080-3-X,private_supplier,484
IOO-LT-0179,IOO,illumination,BHP1010-X-X,private_supplier,485
IOO-LT-0180,IOO,illumination,BHP1515-X-X,private_supplier,486
IOO-LT-0181,IOO,illumination,BHP1520-X-X,private_supplier,487
IOO-LT-0182,IOO,illumination,HPDP-00-070-1-X,private_supplier,488
IOO-LT-0183,IOO,illumination,HPDP-00-110-2-X,private_supplier,489
IOO-SP-0001,IOO,spot_light,HBFS2-00-08-1-X,private_supplier,490
IOO-SP-0002,IOO,spot_light,HBFS2-00-08-1-W,private_supplier,491
IOO-SP-0003,IOO,spot_light,HBFS2-00-08-1-X-5V,private_supplier,492
IOO-SP-0004,IOO,spot_light,HBFS2-00-08-1-W-24V,private_supplier,493
IOO-SP-0005,IOO,spot_light,HBF2-00-08-1-X-5V,private_supplier,494
IOO-SP-0006,IOO,spot_light,HBF2-00-08-1-W-24V,private_supplier,495
IOO-SP-0007,IOO,spot_light,HBF2-00-16-1-X,private_supplier,496
IOO-SP-0008,IOO,spot_light,HBF2-00-16-1-W,private_supplier,497
IOO-SP-0009,IOO,spot_light,HBF2-00-16-1-X-5V,private_supplier,498
IOO-SP-0010,IOO,spot_light,HBF2-00-16-1-W-24V,private_supplier,499
IOO-SP-0011,IOO,spot_light,HBFS-00-08-1-X,private_supplier,500
IOO-SP-0012,IOO,spot_light,HBFS-00-08-1-W,private_supplier,501
IOO-SP-0013,IOO,spot_light,HBFS-00-08-1-X-5V,private_supplier,502
IOO-SP-0014,IOO,spot_light,HBFS-00-08-1-W-24V,private_supplier,503
IOO-SP-0015,IOO,spot_light,HBF-00-16-1-X,private_supplier,504
IOO-SP-0016,IOO,spot_light,HBF-00-16-1-W,private_supplier,505
IOO-SP-0017,IOO,spot_light,HBF-00-16-1-X-5V,private_supplier,506
IOO-SP-0018,IOO,spot_light,HBF-00-16-1-W-24V,private_supplier,507
IOO-SP-0019,IOO,spot_light,HBF-00-08-1-X-5V,private_supplier,508
IOO-SP-0020,IOO,spot_light,HBF-00-08-1-W-24V,private_supplier,509
IOO-LT-0184,IOO,illumination,PM2-025-X-CUBE-MODULE,private_supplier,510
IOO-LT-0185,IOO,illumination,PM2-025-X-HPD2-00-050-1-X-24V,private_supplier,511
IOO-LT-0186,IOO,illumination,PM2-025-X-IDD-00-045-4-X-24V,private_supplier,512
IOO-LT-0187,IOO,illumination,PM2-025-X-LBMQ-00-040-3-X-24V,private_supplier,513
IOO-LS-0090,IOO,line_scan_light,PM2-025-X-LSQ-15.30.45-051-3-X-24V,private_supplier,514
IOO-LS-0091,IOO,line_scan_light,PM2-025-X-LSQF-15.30.45-051-3-X-24V,private_supplier,515
IOO-LT-0188,IOO,illumination,PM2-040-X-CUBE-MODULE,private_supplier,516
IOO-LT-0189,IOO,illumination,PM2-040-X-IDD-00-080-3-X-24V,private_supplier,517
IOO-LT-0190,IOO,illumination,PM2-040-X-IDDQ-00-070-3-X-24V,private_supplier,518
IOO-BAR-0050,IOO,bar_light,PM2-040-X-HLBQ2-00-065-1-X-24V,private_supplier,519
IOO-DF-0036,IOO,dark_field,PM2-040-X-DLC-00-070-1-X-24V,private_supplier,520
IOO-LT-0191,IOO,illumination,PM2-040-X-HPD2-00-080-1-X-24V,private_supplier,521
IOO-LT-0192,IOO,illumination,MD-MLBQ-00-360-2-X,private_supplier,522
IOO-CL-0057,IOO,coaxial_light,MD-IDQ3-360-X-X,private_supplier,523
IOO-LT-0193,IOO,illumination,MD-IDT3-00-360-1-X,private_supplier,524
IOO-LS-0092,IOO,line_scan_light,HPD-4CH,private_supplier,525
IOO-LS-0093,IOO,line_scan_light,HPD-00-240-1-X-24V-4CH,private_supplier,526
IOO-LS-0094,IOO,line_scan_light,HPD-00-070-1-RGBW-24V-4CH,private_supplier,527
IOO-LS-0095,IOO,line_scan_light,IDS5-4CH,private_supplier,528
IOO-LS-0096,IOO,line_scan_light,IDS5-00-070-1-X-24V-4CH,private_supplier,529
IOO-LS-0097,IOO,line_scan_light,IDS5-00-100-1-X-24V-4CH,private_supplier,530
IOO-LS-0098,IOO,line_scan_light,IDS5-00-150-1-X-24V-4CH,private_supplier,531
IOO-LS-0099,IOO,line_scan_light,IDS5-00-200-1-X-24V-4CH,private_supplier,532
IOO-LS-0100,IOO,line_scan_light,IDS5-00-250-1-X-24V-4CH,private_supplier,533
IOO-LS-0101,IOO,line_scan_light,IDS4-00-360-1-X-24V-4CH,private_supplier,534
IOO-LS-0102,IOO,line_scan_light,IDSL-00-150-1-X-24V-4CH,private_supplier,535
IOO-LS-0103,IOO,line_scan_light,LBRQ-4CH,private_supplier,536
IOO-LS-0104,IOO,line_scan_light,LLA-4CH,private_supplier,537
IOO-LS-0105,IOO,line_scan_light,MLLA-4CH,private_supplier,538
IOO-BL-0023,IOO,backlight,BHDS-00-25X36-1-X,private_supplier,539
IOO-BL-0024,IOO,backlight,BHDS-00-31X58-1-X,private_supplier,540
IOO-BL-0025,IOO,backlight,BHDS-00-070-1-X,private_supplier,541
IOO-BL-0026,IOO,backlight,BHDS-00-30X150-1-X,private_supplier,542
IOO-BL-0027,IOO,backlight,BHLX4-00-160X160-X-X,private_supplier,543
IOO-BL-0028,IOO,backlight,BHH2-00-035-X-X,private_supplier,544
IOO-BL-0029,IOO,backlight,BHH2-00-070-X-X,private_supplier,545
IOO-BL-0030,IOO,backlight,BHS5-00-050-X-X,private_supplier,546
IOO-BL-0031,IOO,backlight,BHS5-00-075-X-X,private_supplier,547
IOO-BL-0032,IOO,backlight,BHS5-00-100-X-X,private_supplier,548
IOO-BL-0033,IOO,backlight,BHS5-00-125-X-X,private_supplier,549
IOO-BL-0034,IOO,backlight,BHLC2-00-200X200-X-W-24V,private_supplier,550
IOO-BL-0035,IOO,backlight,BHLC2-00-240X240-X-W-24V,private_supplier,551
IOO-BL-0036,IOO,backlight,R,private_supplier,552
IOO-BL-0037,IOO,backlight,BHH-00-035-X-X,private_supplier,553
IOO-BL-0038,IOO,backlight,BHH-00-070-X-X,private_supplier,554
IOO-BL-0039,IOO,backlight,BHC2-00-025-X-X,private_supplier,555
IOO-BL-0040,IOO,backlight,BHC2-00-050-X-X,private_supplier,556
IOO-BL-0041,IOO,backlight,BHC2-00-075-X-X,private_supplier,557
IOO-BL-0042,IOO,backlight,BHC2-00-100-X-X,private_supplier,558
IOO-BL-0043,IOO,backlight,BHLX3-00-160X160-X-X,private_supplier,559
IOO-BL-0044,IOO,backlight,BHLX3-00-160X240-X-X,private_supplier,560
IOO-BL-0045,IOO,backlight,BHLX3-00-160X320-X-X,private_supplier,561
IOO-BL-0046,IOO,backlight,BHLX3-00-160X400-X-X,private_supplier,562
IOO-BL-0047,IOO,backlight,BHLX3-00-240X240-X-X,private_supplier,563
IOO-BL-0048,IOO,backlight,BHLX3-00-240X320-X-X,private_supplier,564
IOO-BL-0049,IOO,backlight,BHLX3-00-240X400-X-X,private_supplier,565
IOO-BL-0050,IOO,backlight,BHLX3-00-320X320-X-X,private_supplier,566
IOO-BL-0051,IOO,backlight,BHLX3-00-320X400-X-X,private_supplier,567
IOO-BL-0052,IOO,backlight,BHLX3-00-400X400-X-X,private_supplier,568
IOO-BL-0053,IOO,backlight,BHS4-00-025-X-X,private_supplier,569
IOO-BL-0054,IOO,backlight,BHS4-00-050-X-X,private_supplier,570
IOO-BL-0055,IOO,backlight,BHS4-00-075-X-X,private_supplier,571
IOO-BL-0056,IOO,backlight,BHS4-00-100-X-X,private_supplier,572
IOO-BL-0057,IOO,backlight,BHS4-00-030-X-X,private_supplier,573
IOO-BL-0058,IOO,backlight,BHS4-00-060-X-X,private_supplier,574
IOO-BL-0059,IOO,backlight,BHS4-00-090-X-X,private_supplier,575
IOO-BL-0060,IOO,backlight,BHS4-00-120-X-X,private_supplier,576
IOO-BL-0061,IOO,backlight,BHDQ-00-200-1-X,private_supplier,577
IOO-BL-0062,IOO,backlight,BHD-00-070-1-X,private_supplier,578
IOO-BL-0063,IOO,backlight,BHD-00-100-1-X,private_supplier,579
IOO-BL-0064,IOO,backlight,BHD-00-100X80-1-X,private_supplier,580
IOO-BL-0065,IOO,backlight,LBL3-00-100-X-X,private_supplier,581
IOO-BL-0066,IOO,backlight,LBL3-00-200-X-X,private_supplier,582
IOO-BL-0067,IOO,backlight,LBL3-00-300-X-X,private_supplier,583
IOO-BL-0068,IOO,backlight,LBL3-00-400-X-X,private_supplier,584
IOO-BL-0069,IOO,backlight,LBL3-00-500-X-X,private_supplier,585
IOO-BL-0070,IOO,backlight,LBL3-00-600-X-X,private_supplier,586
IOO-BL-0071,IOO,backlight,LBL3-00-700-X-X,private_supplier,587
IOO-BL-0072,IOO,backlight,LBL3-00-800-X-X,private_supplier,588
IOO-BL-0073,IOO,backlight,LBL3-00-900-X-X,private_supplier,589
IOO-BL-0074,IOO,backlight,LBL3-00-1000-X-X,private_supplier,590
IOO-LT-0194,IOO,illumination,F-DXX-070-1-RGBW,private_supplier,591
IOO-DF-0037,IOO,dark_field,(F-DLC3-00-070-DIFFUSER),private_supplier,592
IOO-LS-0106,IOO,line_scan_light,(F-DLS4-45-070-DIFFUSER),private_supplier,593
IOO-LS-0107,IOO,line_scan_light,(F-DLS4-60-070-DIFFUSER),private_supplier,594
IOO-LT-0195,IOO,illumination,(F-DLF5-90-070-DIFFUSER),private_supplier,595
IOO-LT-0196,IOO,illumination,F-DXX-100-1-RGBW,private_supplier,596
IOO-DF-0038,IOO,dark_field,(F-DLC3-00-100-DIFFUSER),private_supplier,597
IOO-LS-0108,IOO,line_scan_light,(F-DLS4-45-100-DIFFUSER),private_supplier,598
IOO-LS-0109,IOO,line_scan_light,(F-DLS4-60-100-DIFFUSER),private_supplier,599
IOO-LT-0197,IOO,illumination,(F-DLF5-90-100-DIFFUSER),private_supplier,600
IOO-LT-0198,IOO,illumination,F-DXX-120-1-RGBW,private_supplier,601
IOO-DF-0039,IOO,dark_field,(F-DLC3-00-120-DIFFUSER),private_supplier,602
IOO-LS-0110,IOO,line_scan_light,(F-DLS4-45-120-DIFFUSER),private_supplier,603
IOO-LS-0111,IOO,line_scan_light,(F-DLS4-60-120-DIFFUSER),private_supplier,604
IOO-LT-0199,IOO,illumination,(F-DLF5-90-120-DIFFUSER),private_supplier,605
IOO-LT-0200,IOO,illumination,F-DLP-90-100-1-RGBW,private_supplier,606
IOO-LT-0201,IOO,illumination,F-DLG-00-100-1-RGBW,private_supplier,607
IOO-LT-0202,IOO,illumination,(F-DLA2-00-070-DIFFUSER),private_supplier,608
IOO-LT-0203,IOO,illumination,(F-DLA2-00-100-DIFFUSER),private_supplier,609
IOO-RL-0021,IOO,ring_light,DFR4-00-050-1-X,private_supplier,610
IOO-RL-0022,IOO,ring_light,DFR4-00-080-1-X,private_supplier,611
IOO-RL-0023,IOO,ring_light,DFR4-00-100-1-X,private_supplier,612
IOO-RL-0024,IOO,ring_light,DFR4-00-130-1-X,private_supplier,613
IOO-RL-0025,IOO,ring_light,DFR4-15-080-1-X,private_supplier,614
IOO-RL-0026,IOO,ring_light,DFR4-15-100-1-X,private_supplier,615
IOO-RL-0027,IOO,ring_light,DFR4-15-130-1-X,private_supplier,616
IOO-RL-0028,IOO,ring_light,DFR4-30-050-1-X,private_supplier,617
IOO-RL-0029,IOO,ring_light,DFR4-30-080-1-X,private_supplier,618
IOO-RL-0030,IOO,ring_light,DFR4-30-100-1-X,private_supplier,619
IOO-RL-0031,IOO,ring_light,DFR4-30-130-1-X,private_supplier,620
IOO-DF-0040,IOO,dark_field,DLC3-00-070-1-X,private_supplier,621
IOO-DF-0041,IOO,dark_field,DLC3-00-100-1-X,private_supplier,622
IOO-DF-0042,IOO,dark_field,DLC3-00-120-1-X,private_supplier,623
IOO-DF-0043,IOO,dark_field,DLC3-00-070-1-RGBW,private_supplier,624
IOO-DF-0044,IOO,dark_field,DLC3-00-100-1-RGBW,private_supplier,625
IOO-DF-0045,IOO,dark_field,DLC3-00-120-1-RGBW,private_supplier,626
IOO-LT-0204,IOO,illumination,DLF2-90-050-1-X,private_supplier,627
IOO-LT-0205,IOO,illumination,DLF2-90-070-1-X,private_supplier,628
IOO-LT-0206,IOO,illumination,DLF2-90-100-1-X,private_supplier,629
IOO-LT-0207,IOO,illumination,DLQ2-90-030-1-X,private_supplier,630
IOO-LT-0208,IOO,illumination,DLQ2-90-050-1-X,private_supplier,631
IOO-LT-0209,IOO,illumination,DLQ2-90-070-1-X,private_supplier,632
IOO-LT-0210,IOO,illumination,DLQ2-90-100-1-X,private_supplier,633
IOO-LT-0211,IOO,illumination,DLW2-60-070-1-X,private_supplier,634
IOO-LT-0212,IOO,illumination,DLW2-60-100-1-X,private_supplier,635
IOO-LS-0112,IOO,line_scan_light,DLS2-60-050-1-X,private_supplier,636
IOO-LS-0113,IOO,line_scan_light,DLS2-60-070-1-X,private_supplier,637
IOO-LS-0114,IOO,line_scan_light,DLS2-60-100-1-X,private_supplier,638
IOO-RL-0032,IOO,ring_light,DLR3-45-050-1-X,private_supplier,639
IOO-RL-0033,IOO,ring_light,DLR3-45-080-1-X,private_supplier,640
IOO-RL-0034,IOO,ring_light,DLR3-45-100-1-X,private_supplier,641
IOO-RL-0035,IOO,ring_light,DLR3-45-130-1-X,private_supplier,642
IOO-RL-0036,IOO,ring_light,DLR3-60-050-1-X,private_supplier,643
IOO-RL-0037,IOO,ring_light,DLR3-60-080-1-X,private_supplier,644
IOO-RL-0038,IOO,ring_light,DLR3-60-100-1-X,private_supplier,645
IOO-RL-0039,IOO,ring_light,DLR3-60-130-1-X,private_supplier,646
IOO-RL-0040,IOO,ring_light,DLR3-45-100-1-RGBW,private_supplier,647
IOO-RL-0041,IOO,ring_light,DLR3-60-100-1-RGBW,private_supplier,648
IOO-CL-0058,IOO,coaxial_light,LLAC-90-100-1-X,private_supplier,649
IOO-CL-0059,IOO,coaxial_light,LLAC-90-070-1-X,private_supplier,650
IOO-CL-0060,IOO,coaxial_light,LLAC-60-070-2-X,private_supplier,651
IOO-CL-0061,IOO,coaxial_light,LSWC-15-050-2-X,private_supplier,652
IOO-CL-0062,IOO,coaxial_light,IDDC-00-080-9-RGB,private_supplier,653
IOO-CL-0063,IOO,coaxial_light,DLRC-60-130-1-X-24V,private_supplier,654
